label,n_tasks,info_recall_mean,info_recall_std,analysis_mean,analysis_std,presentation_mean,presentation_std,total_mean,total_std
evoresearcher_n3,15,0.12156099883217507,0.0958544552104597,0.2344877344877345,0.27901535959914914,0.9142857142857143,0.14774791390791256,0.2178754208754209,0.11879383779592756
evoresearcher_education_n3,10,0.0826530612244898,0.07690986904126337,0.5146103896103896,0.16104281578498728,0.74,0.4115013163202924,0.20682794329853152,0.0984587469288706
