label,n_tasks,info_recall_mean,info_recall_std,analysis_mean,analysis_std,presentation_mean,presentation_std,total_mean,total_std
evoresearcher,5,0.047943469075544545,0.060148900581221465,0.2566017316017316,0.32951222118624995,0.763095238095238,0.29397772448662,0.15676612276612276,0.1150028894558468
evoresearcher_blind_n3,15,0.13487134895404668,0.14624503037932104,0.3013708513708514,0.26686805280022763,0.7805555555555556,0.2860583482033474,0.22973478373478373,0.15929438385464198
evoresearcher_n3,15,0.12156099883217507,0.0958544552104597,0.2344877344877345,0.27901535959914914,0.9142857142857143,0.14774791390791256,0.2178754208754209,0.11879383779592756
evoresearcher_noelo_n3,15,0.08905077584322868,0.1031003060230135,0.2572871572871573,0.29183491253465493,0.7626984126984127,0.3016216116060676,0.18812302512302512,0.14006236018108717
evoresearcher_warm_n3,15,0.1312050434330643,0.12045763711510991,0.28809523809523807,0.261291428302181,0.8130952380952381,0.24861741110385743,0.22556591556591557,0.14209130102255393
qwen3_max,5,0.5568677974298207,0.3958426962673201,0.6293290043290043,0.2767527845996535,0.9047619047619048,0.14677176197545183,0.6063978243978244,0.32725843331921695
