label,n_tasks,info_recall_mean,info_recall_std,analysis_mean,analysis_std,presentation_mean,presentation_std,total_mean,total_std
evoresearcher,5,0.05937204050411597,0.07314449846227519,0.2994588744588745,0.3004478901721059,0.763095238095238,0.29397772448662,0.17494794094794094,0.11985155209719019
