label,idx,info_recall_pass,analysis_pass,presentation_pass,total_pass,n_recall,n_analysis,n_presentation,error
evoresearcher,16,0.13513513513513514,0.8333333333333334,1.0,0.34615384615384615,37,12,3,
evoresearcher,52,0.14285714285714285,0.21428571428571427,0.8333333333333334,0.23636363636363636,35,14,6,
evoresearcher,68,0.0,0.125,0.25,0.03333333333333333,48,8,4,
evoresearcher,42,0.0,0.14285714285714285,0.8571428571428571,0.12,47,21,7,
evoresearcher,4,0.018867924528301886,0.18181818181818182,0.875,0.1388888888888889,53,11,8,
