label,n_tasks,info_recall_mean,info_recall_std,analysis_mean,analysis_std,presentation_mean,presentation_std,total_mean,total_std
evoresearcher_n3,15,0.1417668053727869,0.12206101764543201,0.23874458874458873,0.25064463761920236,0.9130952380952381,0.10387593051674264,0.23131313131313133,0.1242978805354934
evoresearcher_warm_n3,15,0.1500140893316325,0.14343870912224782,0.24213564213564212,0.26339245447802057,0.805952380952381,0.2762003722130461,0.22753379953379954,0.15402886952263026
