label,n_tasks,info_recall_mean,info_recall_std,analysis_mean,analysis_std,presentation_mean,presentation_std,total_mean,total_std
evoresearcher_n3,15,0.1417668053727869,0.12206101764543201,0.23874458874458873,0.25064463761920236,0.9130952380952381,0.10387593051674264,0.23131313131313133,0.1242978805354934
evoresearcher_warm_n3,15,0.1500140893316325,0.14343870912224782,0.24213564213564212,0.26339245447802057,0.805952380952381,0.2762003722130461,0.22753379953379954,0.15402886952263026
evoresearcher_blind_n3,14,0.15894258492182448,0.16556259610569712,0.28385899814471244,0.27483848592756077,0.7725340136054422,0.29108372794591203,0.24283993783993785,0.16716795159455233
evoresearcher_noelo_n3,15,0.08466622957188995,0.10092649258271198,0.22503607503607503,0.30398418278760425,0.7515873015873016,0.32409034774880485,0.17746879046879047,0.14134155341136226
